date,steps,distance_km,active_kcal,resting_hr,min_hr,max_hr,avg_stress,max_stress,high_stress_min,body_battery_high,body_battery_low,sleep_score,sleep_hours,deep_hours,light_hours,rem_hours,awake_hours,bedtime_hour
2026-02-09,7548.0,5.74,342.0,57.0,54.0,102.0,30.0,80.0,32.0,,26.0,,,,,,0.42,
2026-02-10,8457.0,6.43,256.0,55.0,52.0,121.0,28.0,68.0,39.0,71.0,32.0,74.0,8.28,1.81,4.57,1.9,0.48,22.51
2026-02-11,6807.0,5.17,229.0,58.0,55.0,112.0,24.0,72.0,26.0,77.0,20.0,88.0,8.84,1.85,5.07,1.92,0.43,22.6
2026-02-12,5389.0,4.1,195.0,58.0,54.0,112.0,50.0,99.0,115.0,75.0,19.0,64.0,7.38,1.12,4.57,1.69,0.62,21.94
2026-02-13,6364.0,4.84,218.0,58.0,55.0,118.0,35.0,79.0,34.0,77.0,24.0,63.0,7.34,1.38,4.28,1.68,0.07,22.58
2026-02-14,5972.0,4.54,180.0,57.0,55.0,107.0,29.0,68.0,18.0,74.0,18.0,57.0,7.6,0.88,4.72,1.99,0.54,23.19
2026-02-15,8912.0,6.77,419.0,57.0,55.0,116.0,27.0,81.0,7.0,76.0,18.0,81.0,7.38,0.94,4.82,1.62,0.31,23.83
2026-02-16,12614.0,9.59,515.0,55.0,53.0,136.0,38.0,95.0,61.0,92.0,12.0,85.0,8.21,1.18,4.71,2.32,0.31,22.32
2026-02-17,6291.0,4.78,287.0,60.0,55.0,122.0,37.0,93.0,33.0,65.0,24.0,56.0,6.95,1.02,4.59,1.35,0.2,22.85
2026-02-18,5996.0,4.56,226.0,60.0,56.0,113.0,50.0,93.0,114.0,72.0,12.0,57.0,7.06,1.06,4.3,1.7,0.07,23.03
2026-02-19,9149.0,6.95,403.0,60.0,55.0,133.0,30.0,90.0,42.0,75.0,21.0,63.0,6.63,0.99,4.38,1.26,0.29,22.09
2026-02-20,8704.0,6.62,320.0,61.0,57.0,125.0,26.0,72.0,14.0,76.0,9.0,,,,,,,
2026-02-21,9104.0,6.92,381.0,57.0,53.0,118.0,20.0,63.0,0.0,75.0,25.0,72.0,7.69,0.83,5.25,1.62,0.42,23.43
2026-02-22,6146.0,4.67,293.0,54.0,50.0,121.0,17.0,64.0,0.0,68.0,12.0,,,,,,,
2026-02-23,7532.0,5.72,319.0,57.0,52.0,143.0,42.0,93.0,58.0,75.0,23.0,76.0,8.28,1.09,5.13,2.05,0.56,23.65
2026-02-24,9925.0,7.54,389.0,57.0,53.0,123.0,42.0,99.0,70.0,66.0,8.0,69.0,7.57,1.13,4.49,1.95,0.39,23.23
2026-02-25,4576.0,3.48,127.0,57.0,54.0,128.0,30.0,87.0,49.0,77.0,15.0,66.0,7.43,1.15,4.89,1.39,0.31,22.63
2026-02-26,11544.0,8.77,495.0,58.0,54.0,148.0,27.0,79.0,35.0,79.0,25.0,72.0,7.33,1.0,4.79,1.54,0.24,23.53
2026-02-27,3708.0,2.82,176.0,55.0,52.0,129.0,34.0,93.0,41.0,75.0,13.0,57.0,7.41,0.88,5.21,1.32,0.23,22.04
2026-02-28,5383.0,4.09,211.0,59.0,55.0,110.0,36.0,89.0,74.0,73.0,18.0,59.0,7.18,0.94,4.63,1.61,0.18,24.65
2026-03-01,4367.0,3.32,137.0,54.0,52.0,136.0,12.0,71.0,0.0,64.0,15.0,55.0,7.43,1.17,4.65,1.61,0.27,23.57
2026-03-02,6998.0,5.32,326.0,59.0,55.0,124.0,40.0,81.0,95.0,84.0,5.0,78.0,8.68,1.69,5.18,1.82,0.35,21.41
2026-03-03,4730.0,3.59,348.0,57.0,55.0,114.0,29.0,68.0,35.0,70.0,20.0,62.0,7.37,1.33,4.57,1.47,0.32,24.13
2026-03-04,8494.0,6.46,339.0,58.0,56.0,124.0,44.0,99.0,81.0,73.0,21.0,58.0,6.58,0.86,4.35,1.37,0.14,23.59
2026-03-05,8138.0,6.18,362.0,58.0,56.0,131.0,29.0,70.0,40.0,77.0,11.0,67.0,7.16,1.03,4.71,1.41,0.31,22.28
2026-03-06,7146.0,5.43,323.0,57.0,55.0,123.0,35.0,85.0,40.0,67.0,21.0,64.0,6.79,0.93,4.26,1.6,0.22,22.88
2026-03-07,3393.0,2.58,50.0,56.0,51.0,112.0,16.0,67.0,0.0,67.0,13.0,54.0,6.59,1.12,3.72,1.75,0.37,23.79
2026-03-08,7199.0,5.47,310.0,54.0,50.0,136.0,20.0,68.0,0.0,68.0,12.0,,,,,,,
2026-03-09,7547.0,5.74,275.0,59.0,57.0,117.0,46.0,94.0,100.0,77.0,18.0,73.0,7.84,1.64,4.5,1.7,0.44,22.06
2026-03-10,8031.0,6.1,420.0,62.0,60.0,115.0,42.0,99.0,79.0,80.0,14.0,66.0,6.83,1.04,4.37,1.42,0.3,22.46
2026-03-11,4304.0,3.27,166.0,61.0,58.0,124.0,34.0,66.0,47.0,88.0,32.0,72.0,8.0,1.18,4.94,1.88,0.11,23.03
2026-03-12,6424.0,4.88,223.0,60.0,56.0,128.0,30.0,89.0,26.0,69.0,9.0,61.0,7.92,1.37,5.03,1.52,0.14,22.91
2026-03-13,5314.0,4.04,210.0,58.0,54.0,129.0,23.0,93.0,26.0,78.0,22.0,75.0,7.64,1.57,4.43,1.65,0.1,23.4
2026-03-14,6523.0,4.96,284.0,56.0,53.0,111.0,24.0,76.0,2.0,59.0,24.0,62.0,7.08,1.23,4.51,1.34,0.46,23.94
2026-03-15,13283.0,10.1,524.0,60.0,56.0,149.0,26.0,78.0,5.0,76.0,6.0,69.0,7.46,1.5,4.16,1.8,0.24,25.07
2026-03-16,5682.0,4.32,235.0,58.0,55.0,124.0,36.0,94.0,75.0,80.0,8.0,80.0,8.09,1.47,4.81,1.8,0.36,22.44
2026-03-17,7634.0,5.8,239.0,58.0,56.0,142.0,36.0,99.0,77.0,65.0,21.0,71.0,7.96,1.65,4.59,1.71,0.26,22.93
2026-03-18,10823.0,8.23,441.0,57.0,52.0,120.0,29.0,71.0,33.0,75.0,15.0,64.0,7.98,1.62,4.52,1.84,0.36,21.84
2026-03-19,6200.0,4.71,307.0,58.0,55.0,123.0,36.0,89.0,30.0,81.0,20.0,71.0,8.22,1.38,5.09,1.75,0.56,22.17
2026-03-20,13360.0,10.15,679.0,57.0,53.0,136.0,36.0,87.0,47.0,68.0,25.0,63.0,7.95,1.65,4.92,1.38,0.25,23.46
2026-03-21,9293.0,7.06,433.0,58.0,55.0,112.0,35.0,91.0,61.0,72.0,16.0,66.0,8.12,1.4,4.8,1.93,0.3,23.43
2026-03-22,9136.0,6.94,400.0,56.0,53.0,121.0,39.0,92.0,68.0,66.0,12.0,62.0,7.68,1.28,4.65,1.76,0.23,24.17
2026-03-23,4871.0,3.7,276.0,57.0,53.0,128.0,35.0,92.0,75.0,85.0,5.0,75.0,7.11,1.04,4.54,1.53,0.48,22.77
2026-03-24,7992.0,6.07,397.0,61.0,58.0,120.0,31.0,80.0,15.0,61.0,19.0,59.0,7.23,1.1,4.32,1.8,0.2,22.28
2026-03-25,13021.0,9.9,647.0,58.0,56.0,130.0,36.0,88.0,66.0,77.0,12.0,73.0,7.88,1.54,4.31,2.02,0.18,22.63
2026-03-26,4319.0,3.28,246.0,57.0,52.0,124.0,32.0,79.0,31.0,86.0,20.0,65.0,7.31,0.93,5.01,1.37,0.14,22.54
2026-03-27,10784.0,8.2,446.0,58.0,56.0,142.0,31.0,78.0,56.0,74.0,19.0,65.0,7.89,1.46,4.88,1.55,0.14,22.56
2026-03-28,9368.0,7.12,409.0,58.0,54.0,138.0,26.0,77.0,15.0,79.0,10.0,69.0,7.45,1.34,4.12,1.98,0.42,24.28
2026-03-29,7021.0,5.34,306.0,55.0,51.0,115.0,19.0,70.0,3.0,76.0,28.0,70.0,7.22,1.29,4.04,1.9,0.74,24.23
2026-03-30,16671.0,12.67,718.0,58.0,55.0,146.0,40.0,83.0,62.0,81.0,24.0,88.0,8.87,1.05,6.06,1.75,0.2,22.51
2026-03-31,10421.0,7.92,450.0,59.0,57.0,141.0,35.0,99.0,31.0,78.0,23.0,72.0,8.0,1.35,5.18,1.48,0.49,22.35
2026-04-01,4948.0,3.76,161.0,58.0,53.0,111.0,38.0,89.0,47.0,88.0,11.0,84.0,8.19,1.64,4.9,1.64,0.39,22.94
2026-04-02,8035.0,6.11,211.0,58.0,55.0,118.0,35.0,76.0,43.0,70.0,16.0,68.0,7.99,1.16,5.19,1.64,0.18,22.75
2026-04-03,9731.0,7.4,368.0,60.0,56.0,138.0,31.0,92.0,21.0,75.0,15.0,63.0,7.89,1.32,5.21,1.36,0.31,23.31
2026-04-04,8371.0,6.36,230.0,55.0,50.0,142.0,19.0,65.0,6.0,80.0,16.0,62.0,7.54,0.7,5.18,1.67,0.32,25.23
2026-04-05,11666.0,8.87,494.0,57.0,52.0,123.0,24.0,80.0,28.0,88.0,11.0,,,,,,,
2026-04-06,7636.0,5.8,321.0,57.0,52.0,98.0,32.0,84.0,44.0,71.0,21.0,76.0,7.53,1.17,4.98,1.38,0.64,22.78
2026-04-07,10098.0,7.67,324.0,60.0,56.0,116.0,38.0,92.0,48.0,71.0,19.0,69.0,7.4,1.45,4.12,1.83,0.06,22.71
2026-04-08,13545.0,10.29,610.0,55.0,50.0,129.0,36.0,89.0,54.0,66.0,20.0,67.0,7.1,0.8,4.89,1.42,0.41,22.37
2026-04-09,6070.0,4.61,307.0,56.0,51.0,119.0,26.0,73.0,6.0,76.0,15.0,,,,,,,
2026-04-10,8482.0,6.45,362.0,57.0,55.0,132.0,36.0,88.0,78.0,79.0,26.0,67.0,8.08,1.3,4.85,1.93,0.26,22.3
2026-04-11,7577.0,5.76,418.0,57.0,53.0,122.0,17.0,85.0,0.0,66.0,19.0,45.0,6.62,1.15,3.85,1.62,0.37,23.7
2026-04-12,9489.0,7.21,511.0,58.0,55.0,122.0,22.0,60.0,7.0,76.0,5.0,77.0,7.35,1.09,4.72,1.54,0.48,23.69
2026-04-13,5010.0,3.81,138.0,60.0,56.0,119.0,34.0,87.0,42.0,69.0,14.0,69.0,8.52,1.28,5.35,1.89,0.37,23.17
2026-04-14,6317.0,4.8,328.0,54.0,52.0,111.0,21.0,76.0,0.0,70.0,18.0,58.0,7.05,1.61,4.07,1.38,0.41,22.6
2026-04-15,13160.0,10.0,579.0,59.0,54.0,137.0,37.0,81.0,48.0,77.0,24.0,69.0,7.05,1.02,4.11,1.92,0.45,22.7
2026-04-16,11091.0,8.43,491.0,57.0,52.0,126.0,37.0,78.0,43.0,74.0,16.0,73.0,7.84,1.19,4.78,1.88,0.05,22.19
2026-04-17,12188.0,9.26,568.0,56.0,54.0,162.0,35.0,99.0,58.0,71.0,16.0,59.0,7.48,1.14,4.94,1.4,0.57,23.62
2026-04-18,5489.0,4.17,187.0,57.0,52.0,127.0,23.0,72.0,5.0,70.0,14.0,,,,,,,
2026-04-19,6715.0,5.1,246.0,55.0,52.0,113.0,23.0,92.0,0.0,73.0,22.0,61.0,7.71,1.53,4.32,1.86,0.5,24.79
2026-04-20,10105.0,7.68,375.0,54.0,49.0,120.0,29.0,85.0,22.0,62.0,15.0,55.0,6.94,1.46,3.86,1.63,0.5,23.2
2026-04-21,3709.0,2.82,110.0,57.0,53.0,110.0,34.0,87.0,71.0,61.0,14.0,65.0,7.06,1.02,4.1,1.94,0.14,23.54
2026-04-22,6636.0,5.04,273.0,55.0,50.0,105.0,32.0,88.0,26.0,77.0,14.0,72.0,7.78,0.93,4.82,2.03,0.33,22.68
2026-04-23,,,,57.0,55.0,117.0,36.0,93.0,42.0,71.0,21.0,59.0,7.63,1.5,4.58,1.56,0.23,23.16
2026-04-24,12775.0,9.71,474.0,57.0,53.0,130.0,27.0,88.0,17.0,77.0,15.0,72.0,7.42,1.52,4.29,1.61,0.26,24.15
2026-04-25,11848.0,9.0,532.0,57.0,52.0,143.0,27.0,82.0,10.0,68.0,8.0,59.0,7.44,1.38,4.7,1.35,0.5,23.29
2026-04-26,8057.0,6.12,334.0,59.0,57.0,121.0,27.0,80.0,14.0,77.0,22.0,77.0,7.82,1.64,4.4,1.78,0.23,24.49
2026-04-27,6901.0,5.24,313.0,57.0,53.0,114.0,35.0,88.0,60.0,81.0,14.0,69.0,8.88,1.27,5.61,1.99,0.33,23.65
2026-04-28,,,,55.0,50.0,110.0,33.0,96.0,70.0,74.0,20.0,66.0,7.19,1.16,3.86,2.17,0.06,23.01
2026-04-29,14182.0,10.78,549.0,57.0,52.0,129.0,40.0,99.0,45.0,79.0,20.0,72.0,8.33,1.08,5.39,1.86,0.33,23.18
2026-04-30,6760.0,5.14,251.0,55.0,51.0,121.0,24.0,68.0,8.0,79.0,25.0,83.0,8.03,1.11,5.66,1.26,0.36,23.44
2026-05-01,7092.0,5.39,300.0,56.0,53.0,121.0,39.0,86.0,69.0,74.0,24.0,72.0,7.65,1.54,4.58,1.53,0.24,22.46
2026-05-02,10472.0,7.96,405.0,57.0,52.0,143.0,27.0,82.0,19.0,72.0,15.0,60.0,7.64,1.08,4.85,1.71,0.24,24.11
2026-05-03,8754.0,6.65,424.0,56.0,53.0,121.0,28.0,75.0,21.0,69.0,17.0,66.0,7.91,1.86,4.61,1.44,0.63,23.46
2026-05-04,7399.0,5.62,307.0,54.0,51.0,134.0,38.0,87.0,59.0,73.0,10.0,76.0,8.4,1.49,5.28,1.63,0.17,22.45
2026-05-05,5225.0,3.97,220.0,58.0,53.0,121.0,31.0,75.0,51.0,71.0,28.0,64.0,7.6,1.11,4.9,1.59,0.19,22.48
2026-05-06,7950.0,6.04,335.0,57.0,52.0,125.0,34.0,84.0,41.0,85.0,21.0,71.0,7.4,1.44,4.26,1.7,0.23,22.73
2026-05-07,6750.0,5.13,326.0,58.0,55.0,102.0,40.0,95.0,70.0,77.0,26.0,68.0,7.33,1.63,4.13,1.58,0.53,22.87
2026-05-08,12453.0,9.46,495.0,58.0,56.0,123.0,39.0,99.0,68.0,90.0,16.0,77.0,8.09,1.54,4.99,1.56,0.67,23.03
2026-05-09,11792.0,8.96,563.0,58.0,53.0,142.0,27.0,79.0,22.0,64.0,6.0,49.0,7.23,0.84,4.62,1.76,0.4,23.17
2026-05-10,9122.0,6.93,411.0,56.0,54.0,142.0,15.0,84.0,0.0,76.0,27.0,72.0,8.33,1.52,5.11,1.7,0.24,24.91
2026-05-11,10327.0,7.85,443.0,60.0,57.0,133.0,39.0,90.0,83.0,77.0,19.0,84.0,8.28,1.84,4.74,1.7,0.29,23.39
2026-05-12,7044.0,5.35,298.0,59.0,57.0,130.0,44.0,99.0,88.0,71.0,19.0,66.0,7.99,1.21,5.35,1.43,0.51,23.17
2026-05-13,11963.0,9.09,534.0,59.0,56.0,131.0,43.0,99.0,87.0,78.0,18.0,57.0,7.91,1.08,5.28,1.55,0.21,22.62
2026-05-14,14417.0,10.96,666.0,58.0,53.0,137.0,37.0,93.0,59.0,77.0,22.0,66.0,7.59,1.5,4.27,1.82,0.57,22.75
2026-05-15,10024.0,7.62,478.0,54.0,51.0,123.0,25.0,73.0,0.0,76.0,21.0,61.0,6.68,1.12,4.42,1.15,0.56,23.08
2026-05-16,10185.0,7.74,450.0,57.0,55.0,140.0,32.0,61.0,28.0,81.0,8.0,69.0,7.08,0.96,4.57,1.54,0.36,24.11
2026-05-17,10549.0,8.02,496.0,56.0,54.0,135.0,24.0,75.0,0.0,89.0,25.0,90.0,7.63,1.33,4.46,1.84,0.45,23.04
2026-05-18,4236.0,3.22,185.0,56.0,54.0,113.0,18.0,71.0,0.0,84.0,15.0,84.0,8.8,1.4,5.57,1.84,0.46,23.18
2026-05-19,3715.0,2.82,231.0,55.0,52.0,111.0,38.0,99.0,53.0,72.0,15.0,60.0,6.94,1.19,4.18,1.58,0.58,24.29
2026-05-20,7176.0,5.45,300.0,59.0,57.0,129.0,25.0,66.0,0.0,70.0,28.0,52.0,7.62,1.21,4.99,1.42,0.19,21.85
2026-05-21,10308.0,7.83,308.0,57.0,55.0,134.0,26.0,93.0,20.0,79.0,24.0,68.0,7.84,1.59,4.22,2.03,0.53,23.31
2026-05-22,8586.0,6.53,441.0,55.0,52.0,118.0,31.0,81.0,44.0,87.0,16.0,81.0,8.76,1.75,4.79,2.22,0.29,22.99
2026-05-23,21784.0,16.56,921.0,54.0,49.0,177.0,34.0,92.0,22.0,71.0,7.0,58.0,7.71,0.87,5.08,1.75,0.23,23.84
2026-05-24,6772.0,5.15,214.0,56.0,53.0,125.0,23.0,60.0,29.0,66.0,19.0,60.0,7.27,1.27,4.79,1.22,0.37,24.6
2026-05-25,6376.0,4.85,256.0,57.0,52.0,121.0,37.0,90.0,60.0,80.0,21.0,78.0,7.81,1.59,4.75,1.47,0.32,22.19
2026-05-26,8744.0,6.65,314.0,57.0,53.0,142.0,47.0,96.0,98.0,72.0,18.0,71.0,7.71,1.42,4.37,1.92,0.2,22.88
2026-05-27,9760.0,7.42,536.0,58.0,56.0,140.0,46.0,99.0,112.0,78.0,11.0,61.0,7.43,1.44,3.97,2.02,0.11,23.55
2026-05-28,7572.0,5.75,348.0,56.0,53.0,123.0,34.0,87.0,49.0,57.0,13.0,57.0,6.99,1.0,4.39,1.6,0.21,22.7
2026-05-29,13487.0,10.25,472.0,58.0,56.0,144.0,33.0,76.0,35.0,67.0,10.0,56.0,7.18,0.94,4.39,1.85,0.57,22.59
2026-05-30,12177.0,9.25,544.0,54.0,52.0,125.0,16.0,76.0,9.0,86.0,19.0,61.0,8.08,1.54,4.91,1.63,0.64,23.96
2026-05-31,11368.0,8.64,454.0,56.0,54.0,127.0,20.0,78.0,0.0,71.0,23.0,63.0,6.65,0.88,4.34,1.43,0.45,23.67
2026-06-01,5481.0,4.17,345.0,59.0,56.0,96.0,38.0,95.0,63.0,78.0,24.0,,,,,,,
2026-06-02,7882.0,5.99,268.0,61.0,56.0,137.0,38.0,98.0,77.0,70.0,14.0,58.0,6.85,1.31,3.95,1.59,0.27,22.33
2026-06-03,8238.0,6.26,211.0,55.0,50.0,107.0,36.0,97.0,40.0,85.0,19.0,70.0,7.72,1.15,5.23,1.35,0.34,23.25
2026-06-04,5448.0,4.14,233.0,57.0,55.0,125.0,42.0,94.0,78.0,83.0,21.0,82.0,8.4,1.43,4.88,2.09,0.39,22.16
2026-06-05,8983.0,6.83,356.0,55.0,52.0,119.0,30.0,71.0,38.0,80.0,15.0,69.0,7.58,0.96,4.65,1.97,0.19,23.14
2026-06-06,6760.0,5.14,259.0,57.0,53.0,112.0,25.0,66.0,48.0,69.0,17.0,56.0,7.54,0.9,5.24,1.4,0.2,23.85
2026-06-07,13558.0,10.3,441.0,55.0,51.0,137.0,30.0,93.0,19.0,79.0,31.0,77.0,7.15,1.01,4.86,1.28,0.36,22.57
2026-06-08,8774.0,6.67,394.0,56.0,53.0,130.0,39.0,97.0,67.0,100.0,19.0,82.0,8.52,1.44,5.12,1.96,0.3,22.8
2026-06-09,8441.0,6.42,455.0,57.0,54.0,132.0,42.0,95.0,90.0,72.0,23.0,61.0,7.08,1.23,4.43,1.42,0.19,22.25
2026-06-10,,,,56.0,54.0,139.0,38.0,87.0,65.0,67.0,15.0,58.0,7.54,0.69,5.72,1.12,0.41,22.57
2026-06-11,7809.0,5.93,398.0,55.0,51.0,128.0,33.0,85.0,26.0,70.0,18.0,63.0,7.5,1.4,4.26,1.83,0.31,23.59
2026-06-12,3826.0,2.91,127.0,56.0,54.0,123.0,37.0,89.0,66.0,71.0,8.0,56.0,6.03,0.74,3.93,1.35,0.5,22.23
2026-06-13,6119.0,4.65,398.0,52.0,50.0,114.0,18.0,67.0,0.0,76.0,18.0,64.0,7.11,0.95,4.7,1.46,0.35,23.36
2026-06-14,10804.0,8.21,480.0,53.0,49.0,139.0,13.0,60.0,0.0,72.0,25.0,54.0,7.23,1.28,3.9,2.05,0.3,24.64
2026-06-15,3647.0,2.77,142.0,56.0,54.0,116.0,39.0,99.0,85.0,78.0,31.0,71.0,8.37,1.41,5.08,1.88,0.37,22.86
2026-06-16,11305.0,8.59,541.0,57.0,55.0,129.0,34.0,88.0,63.0,60.0,25.0,56.0,7.32,0.83,5.05,1.45,0.32,23.59
2026-06-17,4223.0,3.21,209.0,57.0,54.0,115.0,37.0,84.0,66.0,80.0,22.0,70.0,7.76,1.75,4.28,1.73,0.25,22.97
2026-06-18,10939.0,8.31,424.0,53.0,48.0,132.0,23.0,65.0,9.0,70.0,18.0,61.0,6.72,0.92,4.53,1.27,0.29,22.35
2026-06-19,5954.0,4.53,293.0,56.0,53.0,122.0,32.0,78.0,24.0,80.0,14.0,78.0,8.54,1.57,5.29,1.68,0.46,22.77
2026-06-20,12702.0,9.65,503.0,57.0,53.0,141.0,21.0,79.0,0.0,61.0,17.0,58.0,8.07,1.34,4.86,1.87,0.45,24.53
2026-06-21,9936.0,7.55,310.0,56.0,54.0,125.0,19.0,77.0,0.0,83.0,22.0,86.0,8.16,1.84,4.67,1.66,0.54,24.38
2026-06-22,4587.0,3.49,315.0,55.0,53.0,109.0,19.0,69.0,0.0,67.0,13.0,61.0,7.25,1.08,4.67,1.5,0.1,22.8
2026-06-23,13231.0,10.06,535.0,55.0,53.0,146.0,32.0,84.0,41.0,76.0,24.0,69.0,6.88,1.37,3.65,1.86,0.29,22.83
2026-06-24,14244.0,10.83,562.0,58.0,56.0,124.0,41.0,91.0,64.0,67.0,12.0,68.0,7.97,1.17,4.85,1.96,0.29,22.74
2026-06-25,8037.0,6.11,358.0,56.0,52.0,119.0,37.0,80.0,83.0,77.0,7.0,70.0,8.86,1.8,4.89,2.16,0.38,22.5
2026-06-26,13376.0,10.17,468.0,54.0,50.0,154.0,31.0,93.0,68.0,77.0,12.0,69.0,7.93,1.16,4.9,1.87,0.28,23.79
2026-06-27,8930.0,6.79,294.0,55.0,52.0,100.0,25.0,80.0,6.0,65.0,8.0,61.0,7.92,1.2,4.86,1.86,0.27,23.9
2026-06-28,6555.0,4.98,245.0,59.0,55.0,114.0,30.0,99.0,38.0,72.0,10.0,68.0,7.82,1.76,4.0,2.06,0.47,23.32
2026-06-29,22575.0,17.16,917.0,55.0,52.0,168.0,15.0,61.0,0.0,74.0,25.0,74.0,7.32,1.34,4.38,1.61,0.38,22.55
2026-06-30,6726.0,5.11,287.0,58.0,55.0,105.0,34.0,85.0,67.0,85.0,17.0,75.0,8.4,1.49,4.6,2.32,0.18,23.17
2026-07-01,8112.0,6.17,408.0,56.0,54.0,151.0,38.0,97.0,71.0,56.0,19.0,61.0,6.8,1.56,3.93,1.3,0.55,23.13
2026-07-02,6123.0,4.65,229.0,58.0,55.0,95.0,39.0,89.0,69.0,82.0,25.0,82.0,7.93,1.51,4.74,1.68,0.5,22.73
2026-07-03,6528.0,4.96,304.0,57.0,54.0,136.0,47.0,88.0,97.0,73.0,26.0,80.0,8.09,1.24,5.4,1.44,0.26,22.46
2026-07-04,5865.0,4.46,282.0,56.0,53.0,135.0,33.0,77.0,46.0,58.0,15.0,43.0,7.17,1.22,4.45,1.5,0.47,23.91
2026-07-05,15375.0,11.68,581.0,60.0,55.0,153.0,27.0,80.0,5.0,80.0,26.0,67.0,7.73,1.02,4.89,1.82,0.24,23.04
2026-07-06,7825.0,5.95,342.0,58.0,53.0,122.0,37.0,92.0,70.0,88.0,20.0,94.0,8.58,1.91,4.41,2.26,0.52,22.13
2026-07-07,11984.0,9.11,447.0,56.0,54.0,139.0,40.0,91.0,61.0,79.0,18.0,72.0,7.36,1.53,4.36,1.47,0.32,23.21
2026-07-08,8350.0,6.35,415.0,56.0,52.0,117.0,31.0,91.0,44.0,73.0,21.0,71.0,7.09,1.09,4.44,1.56,0.23,22.55
2026-07-09,6385.0,4.85,295.0,57.0,55.0,129.0,34.0,94.0,50.0,87.0,9.0,68.0,7.6,1.14,4.88,1.59,0.29,22.99
2026-07-10,7347.0,5.58,310.0,59.0,54.0,112.0,41.0,96.0,92.0,78.0,13.0,62.0,7.06,1.19,4.47,1.4,0.24,23.43
2026-07-11,7736.0,5.88,245.0,56.0,53.0,122.0,38.0,90.0,64.0,76.0,17.0,57.0,6.64,1.06,4.35,1.22,0.38,24.23
2026-07-12,9606.0,7.3,410.0,53.0,49.0,139.0,23.0,73.0,19.0,64.0,22.0,62.0,6.81,0.91,4.39,1.51,0.38,23.91
2026-07-13,7226.0,5.49,257.0,56.0,51.0,112.0,34.0,90.0,34.0,76.0,16.0,,,,,,,
2026-07-14,7440.0,5.65,355.0,57.0,53.0,120.0,36.0,95.0,65.0,80.0,17.0,64.0,6.61,0.69,4.45,1.48,0.27,23.14
2026-07-15,4941.0,3.76,200.0,57.0,52.0,119.0,44.0,96.0,85.0,72.0,24.0,63.0,6.81,1.03,4.28,1.5,0.05,22.62
2026-07-16,6144.0,4.67,209.0,58.0,55.0,107.0,34.0,90.0,51.0,63.0,26.0,50.0,6.26,0.89,4.12,1.25,0.36,23.18
2026-07-17,15662.0,11.9,713.0,58.0,53.0,156.0,45.0,94.0,93.0,76.0,23.0,65.0,7.56,1.19,4.93,1.43,0.07,23.01
2026-07-18,7449.0,5.66,356.0,56.0,52.0,127.0,18.0,60.0,0.0,60.0,26.0,55.0,7.34,1.23,4.81,1.31,0.39,23.46
2026-07-19,6444.0,4.9,235.0,54.0,50.0,106.0,23.0,67.0,0.0,83.0,16.0,73.0,8.64,1.17,5.08,2.39,0.52,23.94
2026-07-20,9514.0,7.23,469.0,58.0,55.0,128.0,33.0,91.0,49.0,82.0,16.0,78.0,7.22,1.4,4.52,1.3,0.39,22.72
2026-07-21,14295.0,10.86,582.0,60.0,55.0,133.0,40.0,96.0,50.0,82.0,20.0,73.0,7.43,1.24,4.21,1.98,0.29,21.79
2026-07-22,4822.0,3.66,184.0,58.0,54.0,110.0,42.0,99.0,98.0,75.0,16.0,73.0,8.15,1.25,4.96,1.94,0.32,22.71
2026-07-23,7746.0,5.89,333.0,56.0,52.0,125.0,24.0,76.0,0.0,75.0,15.0,,,,,,,
2026-07-24,6598.0,5.01,232.0,56.0,54.0,114.0,28.0,87.0,9.0,74.0,28.0,72.0,7.56,1.03,5.13,1.4,0.27,22.57
2026-07-25,4944.0,3.76,181.0,59.0,54.0,127.0,27.0,90.0,0.0,78.0,17.0,62.0,8.15,1.42,4.68,2.05,0.26,23.05
2026-07-26,12772.0,9.71,527.0,54.0,51.0,130.0,20.0,80.0,17.0,80.0,12.0,64.0,7.3,0.99,4.32,1.98,0.21,23.72
2026-07-27,8330.0,6.33,442.0,55.0,53.0,136.0,24.0,71.0,0.0,91.0,21.0,84.0,7.57,1.39,4.73,1.45,0.53,22.78
2026-07-28,8642.0,6.57,453.0,58.0,53.0,126.0,41.0,92.0,78.0,77.0,29.0,65.0,6.89,1.36,4.07,1.45,0.35,22.85
2026-07-29,6323.0,4.81,250.0,58.0,54.0,129.0,38.0,91.0,56.0,84.0,18.0,76.0,7.98,1.64,4.33,2.01,0.49,22.22
2026-07-30,10009.0,7.61,517.0,56.0,53.0,125.0,38.0,82.0,37.0,57.0,25.0,64.0,7.59,1.61,4.23,1.75,0.31,23.13
2026-07-31,6864.0,5.22,286.0,56.0,52.0,117.0,31.0,87.0,31.0,78.0,15.0,63.0,6.8,1.06,3.84,1.9,0.36,22.18
2026-08-01,9183.0,6.98,409.0,55.0,50.0,116.0,31.0,91.0,46.0,68.0,15.0,58.0,6.81,0.87,4.56,1.38,0.32,23.78
2026-08-02,6367.0,4.84,320.0,55.0,52.0,127.0,22.0,70.0,0.0,75.0,14.0,66.0,7.75,1.53,4.39,1.83,0.42,24.57
2026-08-03,5317.0,4.04,241.0,57.0,52.0,128.0,42.0,99.0,94.0,76.0,17.0,72.0,7.96,1.44,5.07,1.45,0.47,22.44
2026-08-04,14030.0,10.66,734.0,54.0,52.0,161.0,28.0,78.0,19.0,60.0,29.0,55.0,6.87,1.32,3.61,1.94,0.39,22.54
2026-08-05,6970.0,5.3,307.0,56.0,52.0,135.0,28.0,78.0,24.0,82.0,11.0,83.0,8.34,1.51,5.18,1.65,0.25,23.35
2026-08-06,9447.0,7.18,325.0,58.0,54.0,131.0,35.0,85.0,46.0,77.0,28.0,,,,,,,
2026-08-07,15036.0,11.43,710.0,54.0,52.0,140.0,29.0,75.0,33.0,75.0,12.0,52.0,6.26,1.13,3.77,1.35,0.6,22.65
2026-08-08,8234.0,6.26,321.0,55.0,52.0,129.0,29.0,84.0,56.0,69.0,17.0,,,,,,,
2026-08-09,14458.0,10.99,589.0,56.0,51.0,141.0,26.0,78.0,21.0,63.0,23.0,55.0,7.35,1.27,4.04,2.04,0.31,24.44
2026-08-10,10770.0,8.19,273.0,54.0,50.0,147.0,28.0,93.0,27.0,89.0,22.0,75.0,7.54,1.4,4.56,1.58,0.57,21.67
2026-08-11,7563.0,5.75,378.0,56.0,52.0,133.0,34.0,91.0,39.0,78.0,20.0,81.0,7.03,1.31,4.18,1.54,0.51,22.37
2026-08-12,8012.0,6.09,386.0,54.0,50.0,117.0,31.0,87.0,25.0,91.0,8.0,72.0,7.58,1.35,4.42,1.8,0.43,22.28
2026-08-13,8564.0,6.51,408.0,58.0,55.0,120.0,40.0,90.0,94.0,71.0,20.0,59.0,7.63,1.46,4.13,2.04,0.29,22.24
2026-08-14,13287.0,10.1,617.0,59.0,57.0,152.0,29.0,70.0,11.0,66.0,12.0,61.0,8.06,1.19,5.12,1.76,0.7,22.36
2026-08-15,12663.0,9.62,633.0,58.0,53.0,140.0,21.0,72.0,0.0,90.0,33.0,82.0,7.04,1.63,3.64,1.77,0.41,23.47
2026-08-16,11315.0,8.6,472.0,55.0,53.0,131.0,32.0,77.0,39.0,93.0,17.0,,,,,,,
2026-08-17,6872.0,5.22,345.0,58.0,55.0,134.0,50.0,99.0,106.0,70.0,19.0,72.0,7.2,1.45,4.23,1.52,0.32,22.34
2026-08-18,5038.0,3.83,167.0,57.0,52.0,114.0,48.0,99.0,133.0,85.0,11.0,68.0,8.01,1.33,4.9,1.78,0.14,22.86
2026-08-19,12226.0,9.29,492.0,56.0,54.0,133.0,34.0,99.0,13.0,79.0,15.0,76.0,8.39,1.4,5.13,1.85,0.15,23.01
2026-08-20,22162.0,16.84,994.0,58.0,54.0,156.0,35.0,93.0,57.0,93.0,10.0,82.0,8.47,2.04,4.8,1.63,0.41,22.43
2026-08-21,8089.0,6.15,363.0,55.0,53.0,106.0,45.0,99.0,103.0,72.0,24.0,,,,,,,
2026-08-22,12064.0,9.17,427.0,57.0,55.0,144.0,23.0,77.0,0.0,62.0,16.0,60.0,6.8,0.84,4.74,1.21,0.31,24.74
2026-08-23,13222.0,10.05,577.0,54.0,52.0,126.0,17.0,71.0,0.0,87.0,21.0,81.0,8.27,1.3,4.86,2.11,0.17,24.07
2026-08-24,21103.0,16.04,875.0,58.0,55.0,152.0,35.0,92.0,58.0,86.0,14.0,75.0,7.48,1.23,4.39,1.86,0.13,22.47
2026-08-25,12140.0,9.23,461.0,56.0,52.0,128.0,37.0,96.0,84.0,82.0,15.0,58.0,6.12,1.38,3.41,1.33,0.3,22.77
2026-08-26,7198.0,5.47,328.0,54.0,51.0,130.0,28.0,74.0,10.0,88.0,26.0,71.0,8.95,1.58,5.6,1.76,0.13,22.33
2026-08-27,15230.0,11.57,615.0,55.0,50.0,142.0,22.0,78.0,0.0,76.0,12.0,62.0,7.7,1.48,4.58,1.64,0.48,22.94
2026-08-28,5336.0,4.06,130.0,56.0,54.0,118.0,24.0,97.0,23.0,80.0,7.0,77.0,8.68,1.26,5.39,2.03,0.52,23.24
2026-08-29,13680.0,10.4,508.0,55.0,53.0,122.0,28.0,79.0,47.0,70.0,20.0,63.0,7.01,1.23,4.08,1.7,0.77,23.48
2026-08-30,11903.0,9.05,606.0,55.0,53.0,134.0,18.0,68.0,0.0,88.0,11.0,92.0,9.0,1.87,5.08,2.06,0.48,23.79
2026-08-31,11964.0,9.09,412.0,55.0,53.0,120.0,33.0,79.0,11.0,73.0,15.0,72.0,8.42,1.9,4.42,2.1,0.26,23.37
2026-09-01,17541.0,13.33,750.0,52.0,49.0,152.0,35.0,75.0,74.0,76.0,23.0,71.0,8.37,1.25,5.41,1.7,0.22,22.55
2026-09-02,15108.0,11.48,671.0,58.0,54.0,146.0,38.0,99.0,61.0,61.0,13.0,,,,,,,
2026-09-03,5565.0,4.23,272.0,57.0,53.0,119.0,31.0,83.0,53.0,80.0,23.0,74.0,7.23,1.32,4.66,1.25,0.26,22.28
2026-09-04,4530.0,3.44,117.0,56.0,53.0,137.0,37.0,91.0,59.0,79.0,14.0,73.0,7.66,1.09,4.71,1.86,0.32,22.38
2026-09-05,13506.0,10.26,548.0,54.0,51.0,144.0,17.0,84.0,0.0,81.0,27.0,51.0,6.04,0.93,3.75,1.36,0.5,23.64
2026-09-06,6737.0,5.12,291.0,56.0,53.0,128.0,21.0,93.0,0.0,83.0,26.0,73.0,6.97,1.15,4.38,1.45,0.44,24.99
2026-09-07,8580.0,6.52,408.0,54.0,50.0,128.0,26.0,71.0,38.0,68.0,15.0,59.0,7.33,0.67,4.79,1.87,0.44,22.6
2026-09-08,11868.0,9.02,460.0,55.0,50.0,133.0,41.0,99.0,98.0,77.0,17.0,65.0,7.03,1.29,4.05,1.69,0.38,22.54
2026-09-09,4621.0,3.51,124.0,55.0,53.0,126.0,33.0,90.0,12.0,71.0,13.0,73.0,7.66,1.45,5.18,1.04,0.45,22.52
2026-09-10,3873.0,2.94,223.0,57.0,52.0,126.0,28.0,83.0,10.0,69.0,19.0,63.0,7.37,1.11,4.62,1.63,0.57,22.72
2026-09-11,,,,53.0,50.0,116.0,31.0,87.0,63.0,57.0,25.0,56.0,8.06,0.96,5.68,1.42,0.19,23.13
2026-09-12,10112.0,7.69,447.0,57.0,52.0,141.0,22.0,74.0,0.0,81.0,9.0,62.0,7.97,1.66,4.3,2.01,0.28,23.99
2026-09-13,9061.0,6.89,344.0,54.0,51.0,133.0,28.0,93.0,4.0,84.0,24.0,76.0,7.81,1.43,4.08,2.3,0.14,24.93
2026-09-14,8784.0,6.68,393.0,53.0,48.0,137.0,22.0,79.0,0.0,74.0,10.0,76.0,8.38,1.72,4.94,1.71,0.59,22.91
2026-09-15,6246.0,4.75,269.0,57.0,54.0,125.0,26.0,81.0,14.0,77.0,13.0,70.0,7.29,1.55,4.12,1.62,0.54,23.52
2026-09-16,4876.0,3.71,255.0,55.0,53.0,105.0,31.0,93.0,35.0,81.0,7.0,67.0,7.39,1.12,4.7,1.57,0.46,22.94
2026-09-17,8139.0,6.19,267.0,55.0,53.0,114.0,51.0,99.0,109.0,68.0,31.0,50.0,7.41,1.32,4.38,1.71,0.17,23.1
2026-09-18,5998.0,4.56,259.0,55.0,53.0,138.0,40.0,96.0,67.0,68.0,18.0,52.0,6.51,0.97,3.98,1.56,0.38,22.08
2026-09-19,5347.0,4.06,215.0,56.0,52.0,121.0,23.0,78.0,0.0,71.0,19.0,69.0,7.48,1.25,4.3,1.94,0.31,23.84
2026-09-20,12106.0,9.2,442.0,57.0,53.0,121.0,28.0,94.0,29.0,62.0,14.0,52.0,6.47,0.99,4.25,1.23,0.36,23.87
2026-09-21,8492.0,6.45,370.0,56.0,54.0,130.0,48.0,99.0,92.0,79.0,24.0,72.0,7.76,1.33,4.35,2.07,0.32,22.68
2026-09-22,10150.0,7.71,428.0,56.0,51.0,127.0,32.0,83.0,36.0,79.0,5.0,64.0,8.18,1.63,4.99,1.57,0.43,21.72
2026-09-23,5975.0,4.54,226.0,56.0,53.0,102.0,31.0,76.0,34.0,71.0,18.0,68.0,7.24,1.25,4.34,1.65,0.29,23.24
2026-09-24,12206.0,9.28,536.0,55.0,53.0,113.0,42.0,91.0,100.0,64.0,31.0,60.0,7.42,1.17,4.36,1.89,0.48,22.61
2026-09-25,5960.0,4.53,165.0,56.0,52.0,104.0,37.0,81.0,66.0,83.0,16.0,68.0,7.17,1.15,4.29,1.73,0.39,22.58
2026-09-26,7158.0,5.44,297.0,55.0,51.0,126.0,28.0,81.0,22.0,64.0,18.0,58.0,6.74,1.15,4.3,1.29,0.31,23.77
2026-09-27,10804.0,8.21,480.0,53.0,51.0,132.0,20.0,74.0,0.0,83.0,22.0,69.0,7.05,1.0,4.65,1.4,0.33,23.79
2026-09-28,6482.0,4.93,289.0,56.0,53.0,119.0,47.0,83.0,106.0,74.0,13.0,63.0,8.07,1.21,5.2,1.66,0.28,23.0
2026-09-29,9998.0,7.6,485.0,56.0,52.0,133.0,45.0,97.0,108.0,76.0,18.0,59.0,8.35,1.33,5.19,1.82,0.47,22.16
2026-09-30,9942.0,7.56,345.0,56.0,53.0,136.0,37.0,94.0,68.0,81.0,24.0,59.0,7.51,1.08,4.51,1.91,0.31,22.33
2026-10-01,18875.0,14.34,702.0,55.0,52.0,131.0,38.0,91.0,91.0,78.0,19.0,65.0,7.16,1.16,4.7,1.3,0.39,22.95
2026-10-02,5153.0,3.92,231.0,54.0,51.0,115.0,19.0,63.0,8.0,82.0,20.0,70.0,7.96,1.21,4.89,1.86,0.29,22.87
2026-10-03,14106.0,10.72,620.0,57.0,54.0,132.0,28.0,90.0,23.0,70.0,16.0,68.0,7.43,1.7,3.96,1.77,0.13,23.71
2026-10-04,9736.0,7.4,536.0,55.0,52.0,117.0,22.0,68.0,0.0,79.0,20.0,81.0,8.35,1.83,4.55,1.98,0.49,23.61
2026-10-05,8717.0,6.62,403.0,57.0,55.0,121.0,36.0,78.0,69.0,81.0,18.0,71.0,7.8,1.44,4.54,1.83,0.19,22.38
2026-10-06,5054.0,3.84,160.0,58.0,56.0,116.0,38.0,81.0,72.0,89.0,27.0,75.0,7.93,1.37,4.45,2.1,0.45,22.77
